<?xml version="1.0" encoding="utf-8"?>
<level name="Entrance" minx="0" miny="960" maxx="320" maxy="1120" bgColor = "0xff000000" >
	<layer name="bg" xScroll="1.000" yScroll="1.000" >
		<map csv="Scene/mapCSV_Entrance_bg.csv" tiles="TileTest002.png" x="0.000" y="960.000" tileWidth="16" tileHeight="16" hasHits="false" collIdx="1" drawIdx="1" />
	</layer>
	<layer name="Main" xScroll="1.000" yScroll="1.000" >
		<map csv="Scene/mapCSV_Entrance_Main.csv" tiles="TileSet003.png" x="0.000" y="960.000" tileWidth="16" tileHeight="16" hasHits="true" collIdx="1" drawIdx="1" />
	</layer>
	<layer name="others" xScroll="1.000" yScroll="1.000" >
		<sprite class="CDoor" name="Door" x="22.00" y="1030.00" angle="0.00" flip="false" xScale="1.00" yScale="1.00" />
		<sprite class="COuterDoor" name="OuterDoor" x="93.00" y="1017.00" angle="0.00" flip="false" xScale="1.00" yScale="1.00" />
		<sprite class="CEnemy" name="Enemy" x="55.00" y="1045.00" angle="0.00" flip="false" xScale="1.00" yScale="1.00" >
			<properties>
				<prop name="visible" value="false" />
				<prop name="active" value="false" />
			</properties>
		</sprite>
	</layer>
	<layer name="trigger" xScroll="1.000" yScroll="1.000" >
		<shape type="box" x="28.00" y="1032.00" angle="0.00" wid="19.20" ht="29.47" >
			<properties>
				<prop name="event" value="e016" />
				<prop name="once" value="false" />
				<prop name="waitInput" value="true" />
			</properties>
		</shape>
		<shape type="box" x="111.00" y="1031.00" angle="0.00" wid="19.20" ht="29.47" >
			<properties>
				<prop name="event" value="e017" />
				<prop name="once" value="false" />
				<prop name="waitInput" value="true" />
			</properties>
		</shape>
	</layer>
	<layer name="sprites" xScroll="1.000" yScroll="1.000" >
		<sprite class="CPlayer" name="Player" x="28.00" y="1048.00" angle="0.00" flip="false" xScale="1.00" yScale="1.00" />
	</layer>
</level>
